"percapita","temperature","taxa"
"0.154249275399054","1","BAET"
"0.124738201184945","1.1","BAET"
"0.124738201184945","1.2","BAET"
"0.0839632976582653","1.5","BAET"
