"percapita","temperature","taxa"
"0.133961258974653","1","BAET"
"0.107135742148145","1.1","BAET"
"0.0990011230274463","1.2","BAET"
"0.0839632976582653","1.5","BAET"
