"percapita","temperature","taxa"
"0.894956041355417","1","CHIR"
"0.685516680580661","1.1","CHIR"
"0.49170020115407","1.2","CHIR"
"0.284323776089235","1.5","CHIR"
