"percapita","temperature","taxa"
"0.706043669608203","1","CHIR"
"0.526741910904764","1.1","CHIR"
"0.440807973060883","1.2","CHIR"
"0.205148499324519","1.5","CHIR"
