"percapita","temperature","taxa"
"14.1790201570332","1","HYOS"
"12.038876665375","1.1","HYOS"
"10.0426138427517","1.2","HYOS"
"6.73151778349165","1.5","HYOS"
