"percapita","temperature","taxa"
"11.5769162044552","1","HYOS"
"9.87379264598591","1.1","HYOS"
"8.41578081939092","1.2","HYOS"
"5.71434347980125","1.5","HYOS"
