"percapita","temperature","taxa"
"11.6673502358202","1","HYOS"
"10.0353139124202","1.1","HYOS"
"8.56122127396786","1.2","HYOS"
"5.77120293708299","1.5","HYOS"
